{
  "@skyblockapi:version": 0,
  "@skyblockapi:data": {
    "2c3c97d7-2b1c-4355-b856-dae991ddf5db": {
      "Pear": {
        "exp": {
          "FORAGING": 1.2813952E8,
          "FARMING": 6.430349E8,
          "CARPENTRY": 2.5288685E8,
          "HUNTING": 4292817.0,
          "SOCIAL": 275279.0,
          "COMBAT": 8.406057E8,
          "FISHING": 2.1427198E8,
          "ENCHANTING": 6.104716E9,
          "MINING": 4.023494E8
        }
      },
      "Cucumber": {
        "exp": {
          "FORAGING": 7.417248E7,
          "MINING": 9.7972456E7,
          "FARMING": 1.1167733E8,
          "CARPENTRY": 5.517253E7,
          "COMBAT": 1.04672536E8
        }
      },
      "Grapes": {
        "exp": {
          "FORAGING": 6.4072436E7,
          "MINING": 1.1167246E8,
          "FARMING": 1.1167248E8,
          "ENCHANTING": 1.1167271E8,
          "COMBAT": 1.1167248E8
        }
      }
    }
  }
}