{
  "@skyblockapi:version": 0,
  "@skyblockapi:data": {
    "2c3c97d7-2b1c-4355-b856-dae991ddf5db": {
      "Pear": {
        "exp": {
          "FORAGING": 1.2888905E8,
          "FARMING": 6.62369E8,
          "CARPENTRY": 2.6087078E8,
          "HUNTING": 4321907.0,
          "SOCIAL": 275526.0,
          "COMBAT": 8.414462E8,
          "FISHING": 2.1427198E8,
          "ENCHANTING": 6.1547694E9,
          "MINING": 4.0240474E8
        }
      },
      "Cucumber": {
        "exp": {
          "FORAGING": 7.417248E7,
          "MINING": 9.7972456E7,
          "FARMING": 1.1167733E8,
          "CARPENTRY": 5.517253E7,
          "COMBAT": 1.04672536E8
        }
      },
      "Grapes": {
        "exp": {
          "FORAGING": 6.4072436E7,
          "MINING": 1.116726E8,
          "FARMING": 1.1167248E8,
          "ENCHANTING": 1.1167271E8,
          "COMBAT": 1.1167248E8
        }
      }
    }
  }
}