{
  "@skyblockapi:version": 0,
  "@skyblockapi:data": {
    "2c3c97d7-2b1c-4355-b856-dae991ddf5db": {
      "Pear": {
        "exp": {
          "FORAGING": 1.3217507E8,
          "FARMING": 7.199933E8,
          "CARPENTRY": 3.616081E8,
          "HUNTING": 4513089.0,
          "SOCIAL": 275841.0,
          "COMBAT": 8.46764E8,
          "FISHING": 2.1831744E8,
          "ENCHANTING": 6.2904453E9,
          "MINING": 4.026019E8
        }
      },
      "Cucumber": {
        "exp": {
          "FORAGING": 6.897245E7,
          "MINING": 9.157244E7,
          "FARMING": 1.0467341E8,
          "CARPENTRY": 5.1172452E7,
          "COMBAT": 1.04672536E8,
          "FISHING": 5.517257E7
        }
      },
      "Grapes": {
        "exp": {
          "FORAGING": 6.4072436E7,
          "MINING": 1.116726E8,
          "FARMING": 1.1167248E8,
          "ENCHANTING": 1.1167271E8,
          "COMBAT": 1.1167248E8
        }
      },
      "Blueberry": {
        "exp": {
          "FORAGING": 7.417246E7
        }
      },
      "Lime": {
        "exp": {
          "FORAGING": 7.4172456E7
        }
      },
      "Mango": {
        "exp": {
          "FORAGING": 6.897444E7,
          "MINING": 9.797256E7,
          "ENCHANTING": 1.1167265E8,
          "HUNTING": 3022479.0,
          "FISHING": 5.517257E7
        }
      },
      "Orange": {
        "exp": {
          "FORAGING": 7.417243E7,
          "MINING": 1.04672424E8,
          "COMBAT": 1.1167243E8,
          "FARMING": 1.1167256E8
        }
      }
    }
  }
}