{"timeout":0,"position":{"x":0.0024708334373910743,"y":0.0,"scale":0.9866245},"fine-gemstones":false}